,x12014,x22014,x32014,x42014,Status
0,-0.079167712578862,0.0152440328546021,0.0266286914674296,-0.088481869322015,0
1,0.153527902942258,0.582755414534158,0.781022049615203,-0.0887885339019497,0
2,0.0355055674980906,0.122460027883313,0.116840347790478,-0.0889405700224853,0
3,-0.0311523560994305,-0.0112445742763009,-0.0841081625157613,-0.0820790242285909,0
4,0.159216881380425,0.534417430030379,0.730146842847985,-0.0855449312616524,0
5,0.0745628192609805,0.152391728500257,0.183801296315984,-0.0887881128820332,0
6,-0.0635142316147316,0.09131978116326,0.0415377623256093,-0.0871261588152003,0
7,-0.0180720939542342,0.0501349915955027,0.0782116778964567,-0.0899128599988142,0
8,0.208941121266224,0.155927222136114,0.194111400863503,-0.0873237611315027,0
9,0.194073032233201,0.238662765259811,0.288871289934147,-0.0873333485118704,0
10,-0.158927064076335,0.31076530423053,0.36471638893578,-0.0880828089836715,0
11,-0.170174991180151,0.234222717343262,0.295676127870944,-0.0829877592264184,0
12,0.201199891502173,-0.449593433446265,-0.49689159191789,-0.0875139814657923,0
13,0.316688756925539,-0.13304609501234,-0.173861672098321,-0.0858144667759167,0
14,0.185469930535758,0.0311845447241562,0.0491814179482104,-0.0895795293388014,0
15,0.160660205914741,0.118141254388044,0.12315921165263,-0.0816979968373748,0
16,-0.104855088276185,0.00351732678824569,-0.0553706343583892,-0.0902981701347802,0
17,0.267770593806735,0.090364690656984,0.0153588431508658,-0.0876471439192675,0
18,-0.0645102085242151,0.361922082685876,0.335588718234827,-0.0466561592744157,0
19,0.232921738768668,0.246859142968057,0.168553874972438,-0.0784088706322321,0
20,0.354468973254026,0.110469300000311,0.0914755634351354,-0.0860151494355875,0
21,-0.0348468257514173,0.0674516261922786,0.0487329063417922,-0.0858709869673247,0
22,-0.0141757879336912,0.0297898510458016,-0.036124342292529,-0.0767692962110205,0
23,-0.362210293656905,-0.546623592282546,-0.608199620640031,-0.0904800334694034,0
24,-0.0305460984166269,0.350199407732712,0.349348351326947,-0.0885939942383754,0
25,-0.0731589407848486,0.0528606713873749,-0.0185152511913343,3.19265834969912,0
26,0.127909589823291,0.202872947826931,0.168021672191529,-0.0886190672390992,0
27,0.328294779076706,0.0428559649813739,0.00384626126756699,-0.0889984528315051,0
28,0.0961956008337353,0.26366193489692,0.331999097497909,-0.0868152222309281,0
29,0.254657909666737,0.0914325009288233,0.0480515846623335,-0.0867124303785882,0
30,-0.0641352018894762,-0.0194324923977111,-0.0836355920776544,-0.0895163299889321,0
31,-0.104308868812567,-0.0103310305756926,-0.0702787093621442,-0.0897045946906681,0
32,0.434246620288262,0.0293239077484258,-0.0239737143228019,-0.090282006484256,0
33,0.431255575787343,0.235800504212174,0.487208913452026,-0.0756027509131546,0
34,-0.0065265932672822,0.0280750535442178,-0.0186088028496465,-0.082172735072215,0
35,-0.86203945809845,-0.0115160542919481,-0.0843739188350545,-0.0920787855104225,0
36,-0.26625135103698,-0.325707952742913,-0.368129276091486,-0.0867578380363703,0
37,-0.127214692348424,0.29386484411126,0.370294269481928,-0.0824756186284758,0
38,0.0399999581684453,0.110983329018731,0.153695565328722,-0.0888453595471024,0
39,0.247163632133907,0.278567382475791,0.199593599950918,-0.0864820867848041,0
40,-0.0426409992655927,-2.26822731373432e-05,-0.0679261347915935,-0.0636114560031709,0
41,0.0288495108006958,0.0313353924298853,-0.0187167444296705,-0.0855347498977086,0
42,0.0633588338963325,0.690816771644045,0.990612443376989,-0.0886121453741497,0
43,0.133624877446775,0.311857135364412,0.39388085228336,-0.031752520313343,0
44,0.14756678880569,0.62386461205036,0.551101986234167,-0.0842592493507351,0
45,0.12203786812585,-0.322714084023533,-0.361148156554614,-0.0891763235779018,0
46,-0.27908826095958,-0.809844786194781,-0.860653240244274,-0.0906588376567476,0
47,0.241804476162591,0.425896854848567,0.601671399011333,-0.0832084262169172,0
48,-0.130804553195952,-0.0380954291207431,-0.0944197264204204,-0.082376236934115,0
49,0.154948508126216,0.337302496740901,0.257090383804964,-0.0894624271321256,0
50,-0.0815691641211489,-0.0147127438022698,-0.0781358543333679,-0.0900213043701557,0
51,0.350107421509818,0.286620885764619,0.374044290798126,-0.0770406962635847,0
52,0.310615004748051,0.378771301550913,0.491492510445982,-0.0852834986300474,0
53,0.0869644633003439,0.178166633392985,0.228800832104827,-0.0857829523275733,0
54,0.378482414152051,0.210744729430999,0.133200872681791,0.00274747859979328,0
55,-0.21814323286648,-2.0136929352886,-2.01341449483071,-0.0904604209426216,0
56,-0.109672627923863,-0.00318655245612213,-0.0667513387310549,-0.0794100020940406,0
57,-0.0770528131181161,0.131736135807006,0.0673866355782194,-0.0778202053704119,0
58,0.250125354690971,0.0554705196393712,0.025553724415164,-0.0825440506220602,0
59,-0.0246627908536828,-0.00862144400958641,-0.0743726429678812,-0.0897948708976866,0
60,-0.0801911413827686,0.0277008844138711,-0.0216144150188952,0.0411598324755186,0
61,0.0486058137442371,0.0494217071982555,-0.00592483041770697,-0.0894162910343841,0
62,-0.0382099303171345,0.138479537507352,0.136975428248054,-0.0896078891151678,0
63,0.470558198296839,0.0960307011260583,0.0209053953850997,0.019779970128483,0
64,0.198967348156546,0.304334077845279,0.393931661457605,-0.0863826914744614,0
65,0.387368650420525,0.0818488828521041,0.0788891801825761,-0.0859411913940696,0
66,-0.0745238851254874,0.0174356044871247,-0.03729327295027,-0.0879272896799831,0
67,-0.116858511383423,-0.0281499959331282,-0.0142641324512018,-0.0832390361179604,0
68,0.103202524971701,0.339338075294611,0.457102617507334,-0.0895535224839936,0
69,0.0559555752661841,0.0933536731041611,0.0922715801716118,-0.0885523491183488,0
70,0.0492985196927305,-0.163653736974842,-0.224025093521761,-0.0864608721039165,0
71,0.171202324163863,0.141497285048129,0.204094594979799,-0.0871815063226454,0
72,0.278619011837375,0.544372067237577,0.459794243098724,-0.0847281664364436,0
73,-0.117834834378062,0.0699597488580391,0.0636176044680415,-0.0847556106730394,0
74,-0.090449996529686,-0.932058189502808,-0.967930679176224,-0.0873652505700336,0
75,0.0862504907814637,0.602684811306137,0.817570083502457,-0.0732079124026838,0
76,0.00606376304566103,0.0209694075437908,-0.0398325537983873,-0.0896992408183155,0
77,-0.140133643579909,-0.00475100028006638,-0.0746351644647299,-0.0695380572361329,0
78,-0.131703187321281,-0.545752597008554,-0.597892083272396,-0.0877551978439581,0
79,0.141433434471238,0.315454120121605,0.386959058635554,-0.0866084291680786,0
80,0.133374434778679,0.358903184658385,0.47228144903854,-0.0885393293609558,0
81,0.0410242643788661,1.3747822940897,1.97977395241411,-0.0872019262385885,0
82,-0.182874619035074,0.0815485784051019,0.056183735334026,-0.0886169870393717,0
83,0.0704836182304552,-2.23873029818598,-2.24965482658994,-0.0865486368402159,0
84,0.215248365622105,0.223994707373718,0.146171497279621,-0.0871996028905324,0
85,0.0876084560611476,0.402652244948225,0.321062343247033,-0.088774028355216,0
86,0.395122225630771,0.213348908976785,0.250152217678623,-0.0891098686135467,0
87,-0.0266263335171746,0.0528360660750775,0.0377686885175718,-0.089039936162796,0
88,0.0919222927508356,0.0924107371170484,0.0667430966560709,-0.088956629437724,0
89,0.0597349640092909,0.263860987299118,0.354902594843484,-0.0872582106006069,0
90,0.101924304599953,0.103145160395549,0.105368641924812,-0.0885258480726125,0
91,0.138855162644197,0.869430407710116,1.234781569967,-0.0836830928550414,0
92,0.141263280869732,0.136992053062187,0.141772062125787,-0.0843788389951916,0
93,0.303221062495052,0.0611972240160871,0.0543717809782401,-0.0880423979405216,0
94,0.0157740283491439,0.384548347726474,0.536882413168413,-0.0878572690813575,0
95,0.0107720548462755,0.344413115366453,0.440543013008227,-0.0880569051710041,0
96,0.372323730757568,0.511037183984055,0.698582408667571,-0.0777808151164842,0
97,0.258107940383813,0.0409149619645164,0.0281933298211738,-0.0849833256012524,0
98,-0.274051505756054,0.00284371746579776,-0.044000055135465,-0.0827749657763422,0
99,0.0398118442939765,0.00689693822177246,0.064384996399831,-0.0879803101555032,0
100,0.193012588770905,0.280761434152739,0.346126949832431,-0.0807135161187547,0
101,0.190202661342093,0.266499075260341,0.794073325902762,-0.0880272021770015,0
102,0.307159781706272,0.194190403810317,0.182173583820533,-0.0885616776356187,0
103,0.219159167207768,-0.955978984195367,-0.976467974978589,-0.0815647159607303,0
104,0.489549345977268,0.0509903163973681,0.00533379613922344,0.111214588694186,0
105,0.109332980401141,0.121618500437523,0.113221393221372,0.0322764166012513,0
106,-26.9854996544518,-1.56645790319949,-1.60653245229274,-0.0935510072585921,0
107,-0.192020254352868,-0.0458567948839343,-0.117990643070802,-0.0803083064681755,0
108,0.172827426338481,0.0393600357236889,0.0384263629753296,-0.0886711266185575,0
109,0.0234533563974561,0.362147621370039,0.472484313825682,-0.0889770751229238,0
110,0.253276951487011,0.929135791428153,1.042144397766,-0.0824623573446341,0
111,0.13370033655194,0.174019956906512,0.0972503797892654,-0.0779689687608621,0
112,0.194364888888414,0.191011972205555,0.11388414722324,-0.086515672658451,0
113,-0.103296216021305,0.337554685623292,0.272408294113483,-0.0307453019150726,0
114,0.13994113706783,0.18884162617377,0.334597492771198,-0.0824314997459579,0
115,-0.0999277719435592,0.113965633074372,0.0384621996677092,1.49066437905205,0
116,-0.338162738537222,-0.0561899851137935,-0.122277075678669,-0.0887903266068604,0
117,0.216579822652603,0.047920812199008,-0.0261901780123626,-0.0826178046679215,0
118,0.118222033032697,0.00970048623346443,-0.0541248523974544,-0.0887392282045381,0
119,0.0199046332852584,-0.0190944263787051,-0.0736330789014781,-0.0874602460627911,0
120,0.199347525889816,-0.0747963089523471,-0.129183637209104,-0.0894665839023956,0
121,0.0090183819418678,0.162651250722264,0.170945313252653,-0.0862342586045074,0
122,0.0423341402976727,-0.00953748542338341,-0.0699394024080462,-0.0687559347443994,0
123,0.0536872632432055,0.846069288270316,1.20532324526063,-0.0894050973059571,0
124,-0.173789425707186,0.141169752398759,0.146602305516623,-0.0848453505313522,0
125,-0.0451096268331816,0.112979088815956,0.0893293030588055,-0.0889070583104023,0
126,0.29252078573343,-0.134977434238205,-0.205232324678134,-0.0824317887898341,0
127,-0.112127269146245,0.0147681935065707,-0.0410247897154643,-0.0559716347822501,0
128,-0.157265542285971,-0.210069301762172,-0.112993539594753,-0.090481247802646,0
129,-0.0891331470224175,0.426673283366753,0.353063963566133,-0.0517671242985613,0
130,-0.359811520017664,0.0462093221562106,0.0282323783205264,-0.0899614600177082,0
131,0.215914551212481,0.249635222372454,0.254354944140609,0.0862994453584914,0
132,-0.0499052113012973,0.0478308064117592,0.00064456745938087,-0.0822708120465995,0
133,0.120521194020729,-0.17964335860655,-0.229451617603532,-0.086831308010424,0
134,-0.323997161619926,-0.0362197062012884,-0.108556736081751,-0.0899407159918995,0
135,0.00336975528662979,0.0542702709048994,0.0116718806768619,-0.0891179181332299,0
136,-0.0542494212705943,0.0148823766493965,-0.0417136217776305,-0.0870626247058205,0
137,0.47233477829425,0.28870443239135,0.394835048578385,-0.052297953623059,0
138,0.00995096159346373,0.206879612433916,0.24772298790468,-0.0858168572355645,0
139,0.110880123536347,0.394667310244085,0.569576138562727,-0.0827440865738878,0
140,-0.00667482224612619,0.11597693022864,0.128283493985859,-0.086678371622148,0
141,-0.0831201137306698,0.108056359293413,0.125369779109272,-0.0901959584348842,0
142,0.10171947623771,0.134847603860522,0.191287669164779,-0.084611396762851,0
143,-0.429351533091566,0.192656177605905,0.215971535548345,-0.0902265288553291,0
144,0.124269476064854,0.235067533055196,0.299644385629263,-0.0881866307964511,0
145,-0.0694008424003317,0.175397277259553,0.0985986616752789,-0.0902720913223757,0
146,0.404499223025492,0.0670914740166641,0.041823103075066,-0.0897893889294917,0
147,-0.169166669796808,0.015696154806395,-0.0479447939132588,-0.0751922273223593,0
148,0.11858631761557,0.18998349174205,0.211485121081313,-0.0875287273354678,0
149,-0.155892344438047,0.0776526425634999,0.0413400039494539,-0.0892743388689492,0
150,0.307382562019649,0.195211431731155,0.219241717443659,-0.0897213414244135,0
151,-0.0505664696444105,-0.00103739403538129,-0.063039542731541,-0.090136454815633,0
152,0.0691899392651321,0.112099151634633,0.128812419026675,-0.0889640285450822,0
153,0.287683464342583,0.166347349736247,0.160750113330303,-0.0886837449835012,0
154,-0.186496095265632,-0.00869112380092171,-0.0806257091944554,-0.0766297256735451,0
155,-0.142324234663627,0.0511049842606184,0.00424479284452848,-0.0894119365350749,0
156,-0.0138764620714705,-0.103403048592734,-0.161950948953349,-0.0850881500001062,0
157,-0.0160255464089979,-2.14993885303504,-2.17643897585667,-0.0895533019314534,0
158,0.23039166880519,0.0569763919179998,-0.0173255198553042,-0.0896378651170861,0
159,0.177271283783031,0.270732246461645,0.19192365451012,-0.0810274031012328,0
160,0.215727011000647,0.749055488174624,0.906394825044579,-0.086327638578212,0
161,-0.0245536789081808,0.378735472416562,0.460321551286715,-0.0860453921104867,0
162,0.206409596739875,0.319010793746871,0.239184330389913,-0.0874156303897178,0
163,-0.111443477204309,-0.00122921489504916,-0.0578780285968208,-0.0902919097595127,0
164,0.0398792814073182,0.242904940950815,0.287528367270541,-0.088579028225583,0
165,0.026585607792443,-0.671810533602169,-0.719851146752884,-0.0895421516465721,0
166,0.273271062024942,0.728745286309806,1.02140312222996,-0.085715699214602,0
167,0.277095689774594,2.32122833849926,2.23141378104771,-0.0831006767256154,0
168,-0.0885886680456011,0.128608952952701,0.0670809419604746,-0.0846320983434648,0
169,-0.0196058196320962,-0.654014931113701,-0.713326794968855,-0.0894008542501889,0
170,-0.173044065642918,0.0094298860811367,-0.0352105784737661,-0.089743419172884,0
171,0.0296908814913384,0.102614797804944,0.097825497061691,-0.0895780519589791,0
172,0.451471188450919,-0.00518692652477805,-0.0779932371653221,-0.0868031864266852,0
173,-0.0273366512941524,0.219605956899795,0.343571047392103,-0.0889491366557449,0
174,-0.119590318210885,-0.00555413229509671,-0.0785376938664538,-0.0600776245281438,0
175,-0.11368117637049,0.045106391860621,0.071603930818244,-0.089527547345659,0
176,0.0208825565053159,-0.444387370586277,-0.496945208901181,-0.089736814555273,0
177,0.242169121892871,-0.195723616550498,-0.241764772453905,-0.0856727933374221,0
178,0.294707288518205,0.0254550359890896,-0.0325458978389873,-0.0763628672120591,0
179,-0.0892784439917409,-0.0569400875477506,-0.123971954082305,-0.0897474219247997,0
180,0.178060478386866,0.0936110437980236,0.0438798441724678,-0.0878262696628116,0
181,-0.0336478536162942,-0.421006825404666,-0.485231270548439,-0.0900830566940099,0
182,0.102787150650319,0.0726244389107997,0.0389665205368761,-0.0890899694160698,0
183,-0.111777420133906,-0.0406047120072173,-0.0182407557613401,-0.0888443017289803,0
184,-0.0200295082109612,0.15179650086625,0.304450479857895,-0.0888961964581326,0
185,0.125183858062486,0.298281055861006,0.405566818994563,-0.0846250896136414,0
186,0.0627714852502122,0.240570105956497,0.162397431655216,-0.0476342357175568,0
187,-0.103471310536556,-0.12348145394944,-0.17086323455963,-0.010515888860616,0
188,0.467673783948116,0.104593753766678,0.0848605806881833,-0.0735928485086654,0
189,-0.0622382330311032,-7.619863683771e-05,-0.0593354867583776,-0.0736865506450957,0
190,0.00645592568471538,-7.50336696232439,-7.12511992975171,-0.0893900783119443,0
191,-0.191167155282239,0.244795648424555,0.310795686706698,-0.0898147834499664,0
192,0.00306015194757602,0.0433669897790481,0.00245325398459797,-0.0762379955110436,0
193,0.480036525370805,0.011616119198176,-0.0504154593878492,-0.0903863650173443,0
194,-0.193063264147798,0.00573346008746453,-0.0551391730858306,-0.0858938860284573,0
195,0.226833618506823,-1.19400863932044,-1.20279195151812,-0.0201579255765997,0
196,0.205871241204938,0.0966338109159772,0.128665464292821,-0.0901376282847525,0
197,0.163379665195997,0.258057940562597,0.600362377389244,-0.0859455720714555,0
198,0.360040083424809,0.730722627537767,1.01351229182746,-0.0780806516703512,0
199,-0.155324033851379,0.179673100533941,0.154650259076883,-0.0879378496965055,0
200,-0.435453679916787,-0.879871611463802,-0.934421669722446,-0.0907708310852677,0
201,-0.355714091747012,0.0685312559871858,0.044352933544945,-0.0879407334134263,0
202,0.0593323265902468,0.0157624170348815,-0.0505330387825496,0.0428317290342283,0
203,0.174044253260524,0.131936276435188,0.131563086893704,-0.0839890073345694,0
204,-0.072716540869317,0.402531498186735,0.502649393584942,-0.0893840501465873,0
205,-0.0636839764086103,0.0140944576182417,-0.0484262032321712,-0.0157277398168353,0
206,-0.0947661993242934,-0.0868962654535009,-0.139771455212087,-0.0855694238854817,0
207,0.120580150537771,-0.237445091170179,-0.285537380397391,-0.0799531625324026,0
208,0.437203305766422,0.519004976548884,0.465151741213297,-0.082981728006671,0
209,-0.00915439945139233,0.00482488262647114,0.0602256860177656,-0.0892437620809895,0
210,0.0334749102375217,0.198000696529314,0.31138970048812,-0.0889745498050458,0
211,0.268053137712805,0.323063450509435,0.421184568978496,-0.0860324071008408,0
212,-0.066299328539584,0.083837651714211,0.0489169824630582,-0.0603138030281004,0
213,0.088083797458234,0.0589919775315547,0.0235751841998669,-0.0890777352845528,0
214,0.0711078593065421,0.559231667767303,0.795291146069742,-0.0883325046738699,0
215,0.42007475037135,0.357481338289623,0.321871598739535,-0.0850118996293866,0
216,-0.0283398948986139,-0.0613292901006144,-0.118193461777524,-0.0765695488135916,0
217,-0.12281516193574,-0.0402545399267489,-0.108073021958817,-0.0718638403974336,0
218,-0.069971770822913,-0.105673376153208,-0.176546093028792,-0.0902376533531896,0
219,0.269594960554843,0.510247332901018,0.752992184318134,-0.0868583484047069,0
220,-0.0251349842510328,0.330707349988063,0.438192159002247,-0.0896175027957975,0
221,0.0310001382036559,0.485915862705099,0.701105072790715,-0.0864390921296763,0
222,0.118880847948659,-0.143059003742193,-0.021132643078377,-0.087092937194807,0
223,0.468953587213585,1.88257175336384,2.05825807156925,-0.0340981326217555,0
224,-0.04389463968585,0.313332046876352,0.243126533243805,-0.0777616242990601,0
225,0.271337867608159,0.115849165579783,0.0435796315483218,-0.0798350982707839,0
226,-0.116860374885923,-0.324255621343678,-0.386220185651021,-0.090334197436083,0
227,0.42648321292854,-0.0367899914749352,-0.0891593484233295,-0.0798002065521154,0
228,-1.09808661787127,-0.869036872889791,-0.886066973767279,-0.0923499053060542,0
229,-0.159750459977583,0.024615916412708,-0.0337382478057791,-0.0779536238996203,0
230,0.211376615181598,0.738506741260473,0.669923349948166,-0.0355233181028201,0
231,-0.0613521786744726,-0.326047164702363,-0.391343906515944,12.4698835107625,0
232,-0.217502784085697,0.000628067116991043,-0.0649285400861869,-0.0767995564091904,0
233,-0.00203638015122897,-0.0332736658952284,-0.0958890923927322,-0.0854995439894918,0
234,-0.0525512598819209,0.0889687583342168,0.0169857258172592,0.330864902290644,0
235,0.069098251895545,0.172459877298884,0.209599428149531,-0.0881544905543588,0
236,0.106160102466211,-0.0161297150779105,-0.0761100923639251,-0.0887966728350087,0
237,-0.0931817118138584,0.192467077961774,0.265908001888984,-0.0897657287725057,0
238,0.0964494208427874,0.105324327284582,0.0859190611837248,-0.0899300868170714,0
239,0.242751599487579,1.08862458808853,1.02413777390632,-0.0751177254961705,0
240,-0.0226379899565043,0.205642017512102,0.338777859764124,-0.0890188488138183,0
241,-0.0125061497335126,-0.566234774960201,-0.599900972915221,-0.0892357814021263,0
242,-0.193652897199487,0.189942425060811,0.1751670128981,-0.0889022164254878,0
243,-0.16274523507821,0.298090323848425,0.380371233538338,-0.0906949362300804,0
244,0.19561130345731,0.0320634907198785,-0.0062515947902158,-0.0886478183417492,0
245,-0.0874577556763244,-0.220266030833418,-0.284825246963884,-0.0800435740405578,0
246,-0.0230931288569582,0.587296719409072,0.562543073610746,0.0459144243504841,0
247,-0.0770768804561877,0.0406402450854362,-0.0162409825998628,-0.0851665581913783,0
248,-0.0881397016735501,-0.0758364310577365,-0.14321862758385,-0.0764164936528268,0
249,-0.0573035912610574,0.0101465496672826,-0.0552305937983506,0.178999152789478,0
250,-0.614941121071312,-0.0492828410376358,-0.104516949345301,-0.0897588293887149,0
251,0.00508628671719643,0.136887490931246,0.136969282653565,-0.0818148917749585,0
252,0.206641998484283,0.165921296448821,0.18992225134972,-0.0899531849924667,0
253,0.00960014804567149,0.124464856688561,0.0965195426290249,-0.0824731165821535,0
254,-0.0436140640515147,0.0147063772408583,-0.0479156653187636,-0.0901047720531684,0
255,0.0483751474870096,0.222928995458639,0.316887708365621,-0.0894439938452517,0
256,-0.162352819192868,0.0208853479415386,0.00135258132933502,-0.0897417389002079,0
257,-0.0921801570781273,0.822647768783675,1.27219041766186,-0.0892995721094785,0
258,-0.0639197708939185,-0.0793917615663808,-0.129952778139891,0.0116694424938342,0
259,0.495431954743031,-0.343425066964844,-0.408795625049957,-0.0906722978072814,0
260,0.0133783578229806,-2.24559699538925,-2.24803083506762,-0.0905756985766996,0
261,-0.177493660369075,-0.158467104537245,-0.217350272210537,-0.0893697637602122,0
262,-0.262123419677972,-0.259352218753632,-0.325891397471113,-0.0905528968886496,0
263,0.269774386433043,0.24660834070214,0.250590378552208,-0.0789257334856231,0
264,-0.0326878860074141,0.0496979085943804,0.0170172813265235,-0.0888611423672631,0
265,-0.0222694023277514,0.0389885607139697,-0.0225795088349316,0.0384166658080052,0
266,0.0197794866632674,0.0723709193604587,0.041894377474455,-0.0817395743690597,0
267,-0.0493079237728958,0.139004627548495,0.127420357395489,-0.0870054023307399,0
268,-0.00233703069165621,0.198778068757449,0.212403762941585,-0.0898835725564263,0
269,0.0456485154467081,0.0106611270754565,-0.0530653688152227,-0.0893096488783153,0
270,0.186289103476405,0.483276132314265,0.66077426691057,-0.0877789984884687,0
271,-0.0990220262365373,-0.0697415365353339,-0.141371815395448,2.02781318535775,0
272,0.295361569245258,0.355034698428642,0.426349101384464,-0.0843702687459981,0
273,0.0295574987388349,-0.111572542523514,-0.176214682806313,-0.0899362177010903,0
274,0.00333436990975023,0.402715586786408,0.515935997141592,-0.0871230347645246,0
275,-0.0396488461943918,0.111320719413868,0.0983613458330921,-0.0892748725522318,0
276,-0.0054206818327715,0.121096635687704,0.130183943810938,-0.0793868913339977,0
277,-0.0483748134461427,-0.360353604199643,-0.40741980893472,-0.0872820902498255,0
278,-0.0745724249815363,0.0238918125087512,-0.0282219501261752,-0.0257097339732712,0
279,0.0369823862921101,0.0199862616371278,-0.0334982462782279,-0.0883957323838827,0
280,0.173898641010144,0.0525866291492602,0.0236321902996898,-0.08632489389698,0
281,-0.105239071569202,0.0423596467602186,0.062944898654914,-0.0883023449503042,0
282,-0.0228306211927838,0.0629875432627862,-0.0114411034561953,-0.088601649670757,0
283,-0.0230074873189131,-1.27047008432136,-1.31678503529357,-0.0905876022187311,0
284,-0.119398309437077,0.00434756766555371,-0.0688447544800512,-0.0620971398092018,0
285,-0.137482226390253,0.146263949551528,0.135195518121174,-0.0770881612907624,0
286,0.377259063970941,0.521305636127098,0.437214128623126,-0.0725609923257089,0
287,-0.121506259609404,0.0012288193655937,-0.0632555632413646,-0.0683937274422733,0
288,0.000874587863179091,0.0932110832990671,0.0679515124816383,-0.088277123969893,0
289,0.229588425122647,0.317736602076074,0.283661038860015,-0.0791204813161016,0
290,-0.17349200630896,0.081702876577643,0.0251578314297504,-0.0701974938943611,0
291,-0.137143263354579,-0.133447050912615,-0.19916038939429,-0.0903631861105925,0
292,-0.0930898168053582,0.0085105201027798,-0.0559248600973856,-0.0608000472879708,0
293,-0.00552143684127091,0.272510103774839,0.347914813190215,-0.0865476997858807,0
294,0.0279649569673393,0.0314546117826071,0.00764201176986972,-0.0884295558980627,0
295,-0.0548021361225375,0.264069258984427,0.185917038447809,22.6366630981681,0
296,-0.668982988902867,-0.0109943219192482,-0.0451186369079983,-0.090288709855344,0
297,0.0928460472266641,0.299819303707857,0.376935806193186,-0.0885087215837508,0
298,0.112313304836405,0.332898158658583,0.284676890404861,0.0270308564014628,0
299,-0.0731533320046538,0.254364787434587,0.177373563535296,-0.0189379985009488,0
300,0.250613173770398,0.0232262604678043,-0.040971607788873,-0.0884367339078712,0
301,-0.409933897541273,0.000872354216444458,-0.0640116020384995,-0.0880713756539071,0
302,0.46665319744354,-0.0664087163080191,-0.1010629284435,-0.0846432137024315,0
303,0.266156288819329,0.130187052468784,0.0543416179066274,-0.0100458316374918,0
304,0.197331049219185,0.300166391534863,0.384812911720339,-0.08807231533558,0
305,0.284741581466975,0.439017240727154,0.580852554990654,-0.0871325257832216,0
306,0.0107922927391264,0.469961389497181,0.391993093572885,-0.0738851696279015,0
307,0.259833443370929,0.407304231453746,0.542036393929473,-0.0630280131508108,0
308,0.0422147415212064,0.487109800996083,0.925529784409561,-0.0894629959518358,0
309,0.333497020437549,0.284754955920288,0.393842254309855,-0.0802767570476484,0
310,0.0967371729627156,0.216038124640103,0.259004067404261,-0.0894537837948134,0
311,0.517815183513213,-0.00549348843793089,-0.0784468522523163,-0.0899056738705245,0
312,0.0409741384160225,0.177803394725181,0.151235006872535,-0.0892046170632808,0
313,0.0401328954963472,0.340478002686655,0.398818950947921,-0.0798315667612743,0
314,-0.107634624232806,0.261131422573029,0.323362164030985,-0.0879314006160544,0
315,-0.103211447458755,0.0514196312195478,-0.0183888812401438,0.00493345118698476,0
316,0.0434742101239889,0.159892358735924,0.116436061184319,-0.0796022141939776,0
317,0.0270200625834124,0.0365556287973389,0.0336418431936292,-0.0854747203753376,0
318,-0.132613258330541,0.136756849902464,0.0607729022879634,-0.0871492283047427,0
319,0.176776144321427,0.00953602812876095,-0.0537304309931642,-0.0899454064442615,0
320,0.292771498953636,-0.088648559316843,-0.137590444234612,-0.0861278690077242,0
321,0.153027741936949,0.455411296191739,0.646667399481166,-0.0831800739761132,0
322,-0.100247705450919,-0.00649388334739177,-0.0794574889452751,-0.0876481128009876,0
323,0.183725080903305,0.0849073655919591,0.0671838304817778,-0.0887422457463423,0
324,0.0151466498117129,-0.127825679711998,-0.191564641592189,-0.0689825176813989,0
325,0.155452589369191,0.000862056276708507,-0.00940508210234359,-0.087483668574508,0
326,0.0274143215262018,0.27467437933239,0.378625430327055,-0.0894603595792779,0
327,-0.0447153361113784,0.180172914399229,0.234360607172147,-0.0893323656462304,0
328,-0.0751016385014929,0.145371986212787,0.151535059559134,-0.0889701659543755,0
329,0.458839622469692,0.372628508213876,0.510288771812429,-0.0887006025462205,0
330,-0.0725683528054388,0.0805660187205012,0.0288676675702295,-0.0845765446712299,0
331,-0.362102633856818,-0.454723516001566,-0.509318833306876,-0.0900289020779891,0
332,0.301745244961291,0.0494340302327512,-0.0247088636180895,0.25696019347403,0
333,-0.0582895687295616,-0.0194649881525253,-0.0921552628874183,-0.0901805047488928,0
334,-0.118352690364852,0.0912274566536455,0.130267428933939,-0.075435600037041,0
335,0.140498140345404,0.712031660508719,1.01725931859414,-0.0878617390174084,0
336,-0.0823780790094412,0.132620007934838,0.129941573512864,-0.0888576985864501,0
337,0.353219872853153,0.268009623676869,0.277632053287491,-0.0834046965335449,0
338,0.0770593026001513,0.757389122298609,0.683437993006158,-0.0882244955323778,0
339,-0.331890275325456,0.08750489339925,0.0125593398749863,-0.0890502603979461,0
340,0.342286220844647,0.519600891778854,0.503623056359715,-0.0698833701368948,0
341,0.06469264267606,0.0889537714178982,0.0978083330766957,-0.0867906787252005,0
342,0.0782643449079432,0.0312507562485233,0.00895189262762425,-0.0882225236550717,0
343,0.479827085879909,-5.03744637661459e-05,-0.071358940201551,6.42838450900431,0
344,-0.00930729304920935,0.191283886742521,0.225390751668831,-0.0898741845399694,0
345,0.212455647015381,0.0999583063511192,0.0867233385204138,-0.0900172316085579,0
346,-0.0918763326623972,0.047763337565658,-0.00894654545753667,-0.0834025050659295,0
347,0.0284450068369689,0.218233761154561,0.140532010854812,-0.0893431603067128,0
348,-0.058714934561506,0.0633560043075035,0.0378427504504071,-0.0870092954072046,0
349,0.0231803494126016,0.0178898287646323,-0.0330271515362801,0.0420719476429371,0
350,-0.00294172121135462,0.0807059185067453,0.19773554495838,-0.0856589984280341,0
351,-0.08612728591276,0.00805796509902302,-0.0540012500856438,-0.0213430651938578,0
352,-0.0689441925011804,0.000472028729118367,-0.064357619865451,-0.047717543602903,0
353,-0.529774038105112,-0.988459559797449,-1.04072022506897,-0.0914016149859579,0
354,0.347154422981796,0.270396426659005,0.351460879470481,-0.0835199843737105,0
355,-0.188436202888539,0.0288565333011503,0.0271621237447184,-0.0890376561027076,0
356,-0.363832957489276,0.0915252228316586,0.0709628425748809,-0.0875873352329145,0
357,0.0799038335079385,0.534587032216035,0.722603560350664,-0.0877105839344761,0
358,0.139031359447739,-0.0110952385701228,-0.0339508981708666,-0.0893329783315761,0
359,0.101045041728369,-0.0176156001475783,-0.0687737404857588,-0.0888493059803555,0
360,-0.103921208813709,0.209124859615542,0.403856004660481,-0.090006945681583,0
361,-0.0904681468740817,-0.0357464791678974,-0.165527400470409,-0.0898766444843036,0
362,0.177392536915361,0.27706119351946,0.290338172480769,-0.0883062669309708,0
363,0.0553703661608768,0.0220446529768889,-0.0298358340467075,-0.0848859272817604,0
364,0.0834606514646619,-0.0357533274256899,-0.0815045959320134,-0.0878091377727816,0
365,-0.0856083319199262,0.0405614490622171,-0.00634618540637679,-0.0844935470102516,0
366,0.0263483233803133,0.0666946465496549,0.0179798172895141,-0.0678648645443459,0
367,0.13363636718091,0.373872358888818,0.638169122077936,-0.0828706662105906,0
368,0.294852137232194,-0.0175231362277129,-0.0539267842116073,0.139634340310451,0
369,-0.164390451419795,0.0194012316109846,-0.0454839430535123,-0.0901991270038561,0
370,0.50260795291978,0.0940038768323614,0.0705221038715628,-0.0134988874766255,0
371,0.0572269329661431,0.585729194956579,0.800980045356417,-0.0861936330062418,0
372,-0.129038989199697,0.00968691512203514,-0.0559322017478448,-0.0904151662825273,0
373,0.0860376323308974,0.203234278524304,0.226278937628556,-0.0876572780940666,0
374,-0.0903181119927809,0.0941531342716777,0.0873769965702057,-0.0886579934620878,0
375,0.0329435168704675,0.432835239679071,0.628254215099213,-0.0892023733616272,0
376,-0.111944217550226,0.124226603888612,0.115004156181882,-0.0894160264525145,0
377,-0.0259134485989725,-0.399718679991562,-0.178896130536027,-0.0899239643039065,0
378,0.0181655657189148,-0.0106409860529205,-0.0540445052097315,-0.0873192535782705,0
379,0.355603946568978,0.107598463717556,0.0322292712934053,-0.0872257276732974,0
380,-0.0490168583094125,-0.00353414515108405,-0.0755356424507206,-0.0801383559323775,0
381,-0.125933364745945,0.124156482231992,0.156256832815105,-0.0887985484021288,0
382,0.0385326831315871,0.209678123996195,0.240696342468237,-0.0703389822263124,0
383,-0.101619234703907,-0.00472314190397965,-0.0771189609221047,-0.0903979186806552,0
384,-0.0135451025313606,0.0299735144578618,-0.0110724263703135,-0.0896867612992702,0
385,0.275693568708471,2.85177721796668,2.71855166402357,-0.0774980902786052,0
386,-0.11288599183822,0.0160398886223661,-0.0445008952349212,-0.0703504006852248,0
387,0.379256749347857,1.13936579906991,1.63268534750943,-0.0813704361637419,0
388,-0.0680615354953074,0.173651784319241,0.189272396801142,-0.0899700152789903,0
389,-0.0988089396016341,0.123021871943566,0.219908581320268,-0.0834551890893894,0
390,0.0678115377206514,-0.0473012834621188,-0.0265526753919763,-0.0656755053443807,0
391,0.24336926707813,0.0527064396616046,-0.0215054473999229,0.361545219510484,0
392,0.187509241291548,0.110549899218658,0.125396053901855,-0.087911981719247,0
393,0.250981295420658,-0.01337957856733,-0.0598858081209068,-0.0776877371332893,0
394,-0.0995027738872383,-0.00657883731217751,-0.0795265852798783,-0.0256797856306322,0
395,0.0382250814073075,0.00429314514024294,-0.0639323166082296,-0.0845436676041486,0
396,0.242257034421588,0.109856968044514,0.115588079184581,-0.088522793653323,0
397,0.113979196320169,0.0271615476566482,0.0929619859253008,-0.0880074058079435,0
398,-0.965274576306642,-8.45078993592937,-8.34572000335012,-0.0922533757488742,0
399,0.274321342773584,0.396938245662253,0.673056518050458,-0.07780069233601,0
400,0.209318970315138,0.153933140401982,0.167914818163196,-0.0869522505477023,0
401,-0.0899384158258918,0.0135885300419583,-0.0463577876826064,-0.0782900146921557,0
402,-0.0031282365473051,-0.0382269269163322,-0.110521637947427,-0.0846042429265038,0
403,-0.0339827356041681,0.069126731056251,0.189395844932247,-0.0829510769312928,0
404,0.197791784804617,0.400653521196284,0.47540520974635,-0.0882573834328052,0
405,-0.0589982494996115,-0.00369453964270762,-0.0519840325765274,-0.0684622788645534,0
406,0.175837801725509,0.179264367432248,0.214472621439936,-0.0869338065936049,0
407,0.151876656944305,0.537637244633393,0.65529630975294,-0.088960507889754,0
408,0.111182272623475,0.541556853954298,0.796245166442091,-0.0855636399760278,0
409,0.30875274171687,0.0853730186549571,0.075835047421204,-0.0866934407434744,0
410,0.0947818847173869,0.0519273703213392,-0.0128284039808644,-0.0850219847744902,0
411,-0.257346194867499,0.0406342567341364,0.00580589291425318,-0.0900707691927051,0
412,-0.188438636324333,0.0360613844207253,-0.0142459306189356,-0.090479433251219,0
413,0.224624313167927,-0.0180572694310116,-0.0649307133014003,-0.0876644990619619,0
414,0.0357683233711203,0.03958739643189,-0.00901256272076816,-0.0788146520798111,0
415,-0.102015547068002,-0.0182536272274102,-0.0603135765829252,-0.0812397594009498,0
416,-0.00324126023658344,-0.00275909229859988,-0.0208267018018998,-0.0893603844572314,0
417,0.202659836466218,-0.0258174775948908,-0.0830540654748602,-0.0882661313925791,0
418,0.102451413964277,0.0883296475221994,0.0440015052275498,-0.086199455385097,0
419,0.407970725889219,0.310477183132141,0.446647195856213,-0.0842969100763911,0
420,0.0150343863218159,0.204968974216928,0.147843963037319,-0.0851376351869077,0
421,0.0159626649309563,0.318275452711414,0.456242993432666,-0.0871647779048091,0
422,0.104705962542324,0.145139178250155,0.203222839064952,-0.062722484865933,0
423,0.185609122274882,0.248868553219985,0.318762311315022,-0.0856467759150625,0
424,0.0626815381064969,0.032725841176208,-0.0182634273402921,-0.0893248278333964,0
425,0.106272972279934,0.0756942382360241,0.0549132092580607,-0.08987797350093,0
426,-0.230043841779373,0.53722296146678,0.726513155408343,-0.0877933224014552,0
427,0.165960132933902,0.27930913100978,0.815787679592922,-0.0824585461684543,0
428,-0.132765750128307,0.134330815983584,0.174943580754985,-0.0890859740033755,0
429,0.0687731801779899,0.224793336221433,0.268696325647963,-0.0885492125501633,0
430,0.290347538949987,0.379218807161872,0.298122959809764,-0.0838673141178048,0
431,0.145616111901241,0.17546896578237,0.176180617594775,-0.0841621277470431,0
432,0.13211629830548,0.257966090776353,0.319848263463598,-0.0870521072488697,0
433,0.0186603749750194,0.0698286578936688,0.0857614830421471,-0.0881078451622859,0
434,-0.0557448076271699,-0.0227758518032316,-0.0876794159526087,-0.0899595043169126,0
435,-0.0147024496893601,0.00204529470770584,-0.0657395043627951,-0.0896613986877496,0
436,0.0545799277694305,-0.0100973519303713,-0.00354087035428714,-0.0864318500553352,0
437,0.0357815225784295,0.0745643823852772,0.0560729296192624,-0.0882096546562769,0
438,-0.0674887596009776,0.0281901781007332,-0.0198185434654143,-0.0816114428218692,0
439,0.0580009848697879,0.362176638555539,0.401433158322116,-0.0882024450773871,0
440,0.129534876458206,0.336826149175246,0.429288341355118,-0.0819605745770555,0
441,0.201765829762514,0.102634332958403,0.10578334688284,-0.0873946369792745,0
442,-0.32269519009911,0.46958069952566,0.541617022367441,-0.0890212163971062,0
443,-0.172944123079505,0.0901887927047032,0.0815371134944997,-0.0742421601337575,0
444,-0.071792611776704,0.425397314728541,0.592808625359326,-0.0902854119347954,0
445,0.425573297656863,0.0456814566489329,-0.0228096438233606,-0.0592735231799432,0
446,-0.0610775497311952,0.194040849555009,0.128437654196313,-0.0897737933316705,0
447,-0.0424890693218495,-0.00555413229509671,-0.0785376938664538,-0.090224825390384,0
448,0.0194670612508777,0.137489284616128,0.145041356255309,-0.0887326322287565,0
449,-0.113196378443269,-0.262719183822769,-0.325761225044586,-0.0898725954273421,0
450,0.168505702366409,0.296857915835243,0.387625635491652,-0.0863321620359477,0
451,0.0192605312710858,-0.437978269546479,-0.499924853617987,-0.0713989303750065,0
452,-0.303304965943702,-0.0911179279647603,-0.15192869499569,-0.0899290304809117,0
453,0.0502239828232833,1.01242450100029,1.48933791225488,-0.0879372118768762,0
454,0.14287152478892,0.77640295248884,0.686933150099709,-0.0869607756052099,0
455,0.189087394426394,0.120429858871161,0.107612238790561,-0.087731029799606,0
456,-0.0163118645811596,-3.25550701013171,-3.25997081936239,-0.0716711514479046,0
457,-0.10232056162077,0.0638129324253645,-0.0106331162262389,-0.0496609725567064,0
458,-0.0833094565326548,0.048244100976193,-0.0249194699510721,1.06925994990959,0
459,-0.0972691450882465,0.107409372039485,0.095709883407098,-0.0860891265079246,0
460,0.0476910380153482,0.034610624677027,-0.00279339919942909,-0.0891449009120475,0
461,-0.0249633209303153,0.0878145916785926,0.0657593491275144,-0.0863187875166679,0
462,0.467094331557834,-0.00192192728080592,-0.0385391390416211,0.045902309447075,0
463,0.333671132123123,0.0648001415086344,-0.00966672077456213,-0.0887643394972154,0
464,-0.0312085645449674,0.0296965826908119,-0.0262582014516154,-0.0897956304561926,0
465,-0.0381862735987648,0.0450006136341022,-0.00762955304366548,-0.0548028310609913,0
466,-0.0111723248275739,0.227809991829322,0.305816637274038,-0.0841770229498555,0
467,-0.308548079937788,-0.70532396648108,-0.763554066221995,-0.0912126808295975,0
468,0.0622636766263298,0.272344387077992,0.388337250479979,-0.0870008364946843,0
469,0.154277186075447,0.0610871369069348,0.0273168805723093,-0.0842697995970337,0
470,-0.0340814286377075,0.887269611050936,1.13610346951153,-0.083381812839979,0
471,0.245997647421011,0.168714465581524,0.205421008786485,-0.0864810217710125,0
472,-0.0914738500289527,0.0834612572601289,0.00863769576322079,0.0722162946622946,0
473,-0.183563041468457,-0.0448459303545201,-0.11293453136392,-0.077677352685674,0
474,-0.152203739173915,0.0528735016947059,0.0277902916537958,-0.0901775457544621,0
475,-0.160046065388051,0.258595091924241,0.309725186443766,-0.0890390437862756,0
476,0.161639918529774,0.739831665884119,1.0440219442365,-0.0809540249697523,0
477,0.221671588634234,0.451146100576665,0.611264105020074,-0.0826934870562138,0
478,0.0452462473173265,0.043623297151906,-0.00799701945142202,-0.0680683054764859,0
479,0.349762792137258,-1.23045080344758,-1.27760949318075,-0.0652610081251515,0
480,-0.0961981984932753,0.0650302573499695,0.0137735030764934,-0.0826084440362873,0
481,0.146925841974054,0.0518934809618898,0.0182355615919872,-0.0884898022088438,0
482,0.0951201419716249,0.150506615082483,0.30065411131448,-0.0854663447127995,0
483,0.0733540422988379,0.0557910580444179,0.0207575132190073,-0.0855763355927999,0
484,0.262259414172172,0.119714279217037,0.157029379362744,-0.0851227563783416,0
485,0.0542033991897209,-0.664628826395394,-0.705811467475812,-0.0890521453838097,0
486,0.0446098416771514,0.10748826660686,0.0891276694047287,-0.0885574178132196,0
487,0.246527934347239,0.0726478233351036,0.0127238352791113,0.171873676553376,0
488,0.213097317999386,0.254442743842588,0.342474922468461,-0.0864874043945982,0
489,0.280659837269798,0.42315146539552,0.709008961925165,-0.0847114928808076,0
490,0.0730933045855525,0.0559235846820264,0.219382567009135,-0.0891088358643106,0
491,-0.0243387818115753,0.376285790834455,0.524479904108422,-0.0881961655537381,0
492,-0.115581080494169,-0.00217750396878362,-0.0734525412869621,0.0249165726975137,0
493,0.050826615704681,-0.150272351093633,-0.20937673548148,-0.0889381476338479,0
494,-0.233064150514341,-0.0156401609176892,0.0148028181037014,-0.0904228614290087,0
495,0.0211989505260482,0.004367493788363,-0.0492643228465595,-0.089082256918362,0
496,0.332352046596359,0.498830438658286,0.519133301352967,-0.0873856775671529,0
497,0.378273516716488,0.097114189192808,0.08134196189786,-0.0767426090968647,0
498,0.216038764808012,0.119047706279222,0.133526860489897,-0.0866041935598641,0
499,0.0493668807766407,0.154131577046135,0.162226470008016,-0.0885682943781695,0
500,-0.338556298733629,-0.777400739937077,-0.803227983191998,-0.0853558951967783,1
501,-0.228328239232932,-1.78556413118319,-1.81733925239269,-0.0905111350862217,1
502,0.272798878122509,0.13752669014896,0.143027304205642,-0.0882956224583047,1
503,-0.06815324131551,-0.0548032008654534,-0.0911801651916813,-0.0895047395498311,1
504,0.324528993269306,0.0333958832450383,0.0187213828398491,-0.0818863545672821,1
505,-0.0389965519587084,-0.23043255286295,-0.286760466058591,-0.0890574191137242,1
506,-0.0205287938317356,0.294244822152287,0.272051158814636,-0.0862625235009677,1
507,-0.0513448143428167,-0.784656001497256,-0.839912050827948,-0.0893532165594456,1
508,0.0826270535012587,0.046567515530659,0.0206226497025372,-0.0894144192565117,1
509,0.0863841675058684,0.187467176614744,0.11041408764403,-0.0894813827884948,1
510,0.0815250798882416,-0.269339100967857,-0.328054494462105,-0.0892296640419889,1
511,-0.0109382360583367,-0.434128475300946,-0.489944720539751,-0.0901292505242884,1
512,-0.140272440524421,-1.09212256911372,-1.14219767539646,-0.0916361438826012,1
513,0.411808879353943,-1.17904501560108,-1.22728750931065,-0.0892412179519749,1
514,0.102298512772205,0.0487924570817203,0.00675913437184533,-0.0874598080318791,1
515,0.260418075881817,-0.508014841505699,-0.550990916340915,-0.0872615312853454,1
516,0.293815451200908,-0.204266345876556,-0.26778942435932,-0.0810244941723999,1
517,-0.0827194379665407,0.0268583828437522,0.010887602542371,-0.0880265023126996,1
518,0.164410326726043,1.1512863915939,1.05391280679018,-0.0818405045293242,1
519,0.11208442741714,0.17527688151953,0.157480568855448,-0.0850496034098551,1
520,0.147376713799124,-0.0350723471821629,-0.000664306065497867,-0.0898048547893747,1
521,-0.00389765374826334,0.0290932422815422,0.0202654196334221,-0.0889490034096549,1
522,0.464343062211583,-0.184601411811072,-0.231035546202648,-0.0903124560755949,1
523,0.293239236002345,0.100020268531174,0.0603122113328159,-0.0895846055155932,1
524,-0.0398575718440097,0.0571907687911583,0.0131308740909548,-0.0835078875581656,1
525,-1.78542697658314,-4.55263882645058,-4.52975480814397,-0.0931941838356837,1
526,0.0079777605990121,-0.506461375786634,-0.563770888739355,-0.0838950426369021,1
527,-0.191609071370804,-0.00867519149707195,-0.0483086653708165,-0.0743712374860727,1
528,-0.115943950070721,-0.622492627086702,-0.682469085336399,-0.090944339020908,1
529,0.0807194730727705,-0.125151871663886,-0.188369490592218,-0.0811803584456569,1
530,-0.0475959622147595,-0.693617131917206,-0.744055237449926,-0.0903689427809979,1
531,-0.097474287670964,0.0148286527317659,0.00705136938539607,-0.089948767288926,1
532,-0.116018174659215,0.0479051812856335,0.0445112670306498,-0.0886591320588641,1
533,0.0214876222289275,0.0189688695136566,-0.0358626609732775,-0.0871963146067928,1
534,0.0836195231219433,0.303076290824734,0.223585779475372,-0.086211625685113,1
535,-0.117213760851793,-0.0748496246961937,-0.135135146530757,-0.0774108021643818,1
536,-0.100722674322348,0.0143618860939787,-0.0446999109923038,-0.0837695037801,1
537,0.354820728851842,0.0607168899630843,0.133197925472038,-0.0783283202165303,1
538,0.0985037454457832,0.0139479445330851,-0.0496121261427554,-0.0889310373669514,1
539,0.0886306842711723,0.00525546263530834,-0.0625047618591281,-0.0890551320861997,1
540,-0.0265443154216471,0.0332361443789435,0.0273434132081099,-0.0892358933959493,1
541,0.15325227655326,-0.418011242214854,-0.467775913523829,-0.0881386930593697,1
542,-0.356410677169809,0.124418129573015,0.0486943229799247,-0.0903003238087387,1
543,0.0141754923002329,0.00444198554158573,-0.0382931055170823,-0.0897290590708869,1
544,-0.365181329532243,-0.140291046423527,-0.210433908349611,-0.0902405798976083,1
545,0.0860612555459664,0.0244156750465918,-0.0340855661653457,-0.0892551306992065,1
546,-0.0884469720475248,-0.0156011223635133,-0.0871257784972507,-0.0852897327711938,1
547,-0.0238722540141878,-0.188632645227097,-0.257756306413268,-0.087660719962349,1
548,-0.277731660274005,-0.984840316740321,-1.0314496286036,-0.0905311374805111,1
549,-0.0244491722073027,-0.00039480439906072,-0.0599467872239577,-0.089165451599533,1
550,0.117240691020364,0.0482585485954631,0.00547835242351174,-0.00794727376148719,1
551,0.171748054026155,0.0731903840312259,0.0382568333212071,-0.0892810352887406,1
552,-0.010116566415186,-0.695793918756609,-0.750769673105533,-0.0895030724148729,1
553,-0.0970353936545066,-0.0348766748833242,-0.088852477281291,0.361474724118576,1
554,-0.0891040062511269,0.0435725378427614,-0.000798902736598876,-0.0901327139628804,1
555,0.519071249557972,0.0654743495461173,0.0285107355478537,-0.0886142827463254,1
556,-0.850364062936602,-0.0195888915382987,-0.0922765539801442,-0.0919192185797159,1
557,-0.0875257962078589,-0.000760479103769464,-0.0301473978778791,-0.0892987979948061,1
558,0.201891768739806,0.0810703025357113,0.0499438420020404,-0.0865819703381311,1
559,-0.0279607337775755,0.233444251503829,0.260071063168386,-0.0882131769325808,1
560,-0.0474596316958239,0.272344106118248,0.365552216851905,-0.0895286942823801,1
561,-0.0712785706696668,-0.0145476082350977,-0.0843470461243702,0.0982678160574008,1
562,0.158171790792833,-0.0042485697113173,-0.0766029325523961,-0.0863864200530621,1
563,-0.221630498930916,0.0290427199035851,-0.044196875388347,-0.0799012481218485,1
564,0.421139907082878,-0.025723122588412,-0.0980526929963572,-0.0904320915104837,1
565,0.0887262246340215,0.573281093358956,0.794367100786046,-0.0888275171545789,1
566,0.0437225076284097,0.534646065051861,0.462748603074281,-0.0886583498134939,1
567,0.23262111456547,-0.0222447872743727,-0.0948764546526223,-0.0902433066125163,1
568,-0.100086066383789,-0.00555413229509671,-0.0785376938664538,4.86366885049829,1
569,-0.55624339222529,-0.286827048200706,-0.353880446701261,-0.0909243112725484,1
570,-0.0128806043903916,0.226874652746529,0.40213900105863,-0.0898813117045628,1
571,0.260524003066066,-0.00440189014312499,-0.0765645116298877,-0.0869422276940891,1
572,0.0807867242165865,0.0274214874719484,-0.0242580795398124,-0.0842266253953894,1
573,0.0790595871653892,-0.00555413229509671,-0.0785376938664538,-0.0891636997896302,1
574,0.248880851733876,0.0255081933371835,-0.0202643912427728,-0.0890565717565857,1
575,-0.152433874681121,-0.379877290638744,-0.437649327781434,-0.0901125726089719,1
576,-0.0569498575328988,-0.973829990222296,-1.01308211719776,-0.088669659661917,1
577,-0.151108004046795,0.229572054251994,0.284822612841641,-0.087918994082149,1
578,-0.270709152901592,-0.12980080584107,-0.200164836723665,-0.0876143285054549,1
579,0.241384979873035,-0.045038602069239,0.0725815317519975,-0.0888204150135517,1
580,-0.0183751086927282,-0.54343364470001,-0.601179654358416,-0.0906964922175877,1
581,0.247282267260322,-0.147880434739488,-0.207889986507907,-0.0886254876814957,1
582,-0.407995061414792,-2.68199260203544,-2.69854799126242,-0.0911378589654285,1
583,0.313462910574252,0.215022220535265,0.256620736974854,-0.0587393558592221,1
584,0.037146733929076,0.264064361117449,0.365795560362382,-0.0874515396029097,1
585,0.194074338919881,0.599293330164027,0.828245373286597,-0.0875961303802927,1
586,0.447358113238916,0.590830463323069,0.564683089623526,-0.0692574621694286,1
587,0.14689147836695,0.107622544929736,0.140624504266643,-0.0897801491668041,1
588,-0.127913999506528,-0.620026414731302,-0.672258227493025,-0.0902797399339099,1
589,0.301796548525811,0.300848192223467,0.250957284413642,-0.0711734310004896,1
590,-0.148357202982841,0.142587691449108,0.15459768866965,-0.0886679150871047,1
591,-0.0816493285368977,0.0513291134983798,0.0361121445984217,-0.0754228061440153,1
592,-0.0897061555964483,0.214520024088128,0.272075776012985,-0.0892088659385543,1
593,0.124913373031804,0.20368376323872,0.2512815901913,-0.088121403761849,1
594,0.248783116473243,0.0961116181742758,0.0950280922973389,-0.0872910331900761,1
595,0.328510770950959,-0.00988702729516235,-0.0827792371135918,-0.0845082938895142,1
596,0.0250662981636614,0.0461648069721472,0.00124078502505343,-0.0902823003711876,1
597,-0.0836204689734194,0.887724410437858,0.921991199507184,-0.0377713858160001,1
598,0.403445927764766,0.644636561562458,0.9008451925215,-0.0729883425362436,1
599,0.198207686621983,0.206639090085794,0.236189156053684,-0.0831730302335873,1
600,0.225710771441972,1.04078916683147,0.945745228874837,-0.0870203013213314,1
601,-0.404852755140452,-1.54353361879412,-1.57343462531943,-0.0906839437847433,1
602,0.400723256030083,-0.0153111356103893,-0.0854461424543147,-0.0903361996539778,1
603,-0.181461594400663,-0.00555413229509671,-0.0785376938664538,-0.0904085011952101,1
604,-0.0785416224299367,0.0574826396687537,0.0180632845504518,-0.0893141755739256,1
605,-0.0266137840674254,-0.0217473753728729,-0.0967640092066358,-0.0900144553044441,1
606,-0.112086096454271,-0.158269123422773,-0.147702712893246,-0.0896589961004898,1
607,0.00479597817188603,0.00869370078842864,-0.0490268060692403,-0.0881211969849132,1
608,-0.137318081608488,-0.282750884860138,-0.324756584881161,-0.0770617720497394,1
609,-0.0872570259237209,-0.23246011515037,-0.287520104661114,-0.076712279733473,1
610,0.134871426308961,-0.207713529968153,-0.271447590038387,-0.0901115176535094,1
611,0.0690343430377046,0.729080492167307,0.903593776785447,-0.0791842249835389,1
612,0.183302652876945,-0.00210963605063903,-0.0392575940563665,-0.0851568291650502,1
613,-0.0252235613862827,-0.495281244870229,-0.538043801917437,0.15194436749429,1
614,0.00623329548384302,0.0850868307465994,0.0456161734495806,-0.00809930579205522,1
615,-0.372791338820309,-1.34473219796909,-1.37825787256348,-0.0868364512870268,1
616,0.104079604298822,0.0654893265779487,0.0299774668480307,-0.0826024328130464,1
617,-0.254236878692938,0.0293260498971543,-0.0387556395299724,-0.0887650111076314,1
618,-0.164710034573272,0.240853219107372,0.203627500471501,-0.0731074937760915,1
619,-0.12591207176156,0.0171791810936557,-0.0458262458797501,-0.0896571590483179,1
620,0.105334857494111,0.0752176651079327,0.0648756590402505,-0.0888326262486184,1
621,-0.156212343465183,0.0117389412254304,-0.0562628489014689,-0.0681020910805717,1
622,-0.104898376551957,0.0790327639298205,0.00867959278248032,0.0813094463291363,1
623,0.524742356187509,4.64582695414195,4.50360156735499,0.284094767983473,1
624,0.107862086829509,-0.167233711957808,-0.236808533410936,-0.0907268180355201,1
625,0.294685149456337,-19.130278130204,-18.57241346515,0.0817254537661297,1
626,-0.122363318970639,0.0162653373316035,-0.047959691157251,-0.0277480912263095,1
627,0.0351821632090639,0.294161529006222,0.350835559018096,-0.0862523958569529,1
628,-0.00369907828218606,1.90739100316433,1.86882057282231,-0.0898575543068789,1
629,-0.0882663453838827,0.000692165090735273,-0.0640469325053775,-0.0903702044264278,1
630,0.104934818845171,-0.00014121687845467,-0.0574722778910991,-0.0876926093987658,1
631,-0.0216382462856974,-0.396419003565708,-0.449686656486246,-0.0709395096550258,1
632,-0.000225846382303809,0.0160747337970408,-0.0573648357854322,0.0143048590588483,1
633,-0.0831453397012317,0.0183755338216438,-0.0401487012119488,-0.08921546235937,1
634,0.167200301097303,0.005603468466019,-0.0362782646120686,-0.0896185112227549,1
635,-0.0301835355773706,0.327444795354827,0.378497819999367,-0.087449612042119,1
636,-0.05096136438548,-0.00555413229509671,-0.0785376938664538,-0.090165713399157,1
637,0.467247318118074,3.15402281233123,3.15587052922193,-0.0388134328123344,1
638,-0.0246219846902919,0.0879224746884077,0.0690941905809365,-0.0885974926131199,1
639,-0.19071233974068,-0.691968053931479,-0.739571985035898,-0.0900414174089518,1
640,0.0492598689188661,0.00921937414493072,-0.0599533994420096,-0.0552163899659778,1
641,0.0791916205549247,0.317987892984047,0.271979970255246,0.103931398012122,1
642,0.0789170825195316,-0.00133750172257477,-0.0629971860658959,-0.086368459580568,1
643,0.189499452506847,-0.114440515606938,-0.177191309224149,-0.0888537953812612,1
644,0.240548700628842,0.0534090760546722,-0.00930821128766688,-0.0885317611610153,1
645,-0.0840381401084478,-0.139377038139005,-0.208677873344938,-0.0859842076882461,1
646,0.485747263498269,-0.597906234033543,-0.65840105474149,-0.0915762124731485,1
647,0.0548198808337403,-0.594319565020171,-0.558872515111698,-0.089994011994406,1
648,-0.101914791598954,-0.0572868352696939,-0.129179700412833,-0.091813963442769,1
649,0.125649743878866,0.152449011973887,0.0998436960381051,-0.0888627711937792,1
650,-0.103389001912698,0.0102862072239209,-0.0553258602620393,-0.047020822790357,1
651,-0.0841151384114532,-0.0503471300007379,-0.114877706616334,-0.083802950307456,1
652,0.312316965413091,1.15410421512286,1.06926622069648,-0.0877448204887286,1
653,-0.0724262633044986,0.102906225409762,0.104288496728952,-0.0890406056894226,1
654,0.382361897666262,0.220633505251642,0.424296647864181,-0.087881175786398,1
655,-0.136741936965175,0.0054552098676723,-0.0264823538863385,-0.0800083336728433,1
656,0.0911888915005764,-0.712739351281671,-0.754861247679691,-0.0691581735366905,1
657,0.0646594757549309,0.148358238698861,0.16085262546536,-0.0882595665753157,1
658,0.048833764431363,2.83529037612664,2.70241241932177,-0.0893604952188362,1
659,0.217406478563382,0.114972307088409,0.129430380211083,-0.0878363875145137,1
660,-0.0306181408139699,0.29795522179561,0.371629965284051,-0.089000856416792,1
661,-0.0620148861557989,-0.0866935089417706,-0.155811026889345,-0.0897443130791052,1
662,0.370270654562704,0.392545106707592,0.540622322662559,-0.0732179099434719,1
663,0.0569808358670253,-0.0406243360581166,-0.103258990056549,-0.089242453281557,1
664,-0.0875951931558105,-0.115742494758497,-0.18640292132125,-0.0910272085186208,1
665,-0.00935417890934951,-0.0061307499557338,-0.0791021545202704,-0.0873559429995107,1
666,-0.0749645773222414,0.314893146142609,0.239813925204593,3.24541288416275,1
667,-0.0606727296762678,-1.64474964884706,-1.66450797405863,-0.0894409320541698,1
668,-0.0567458435009251,0.288616777264423,0.212220763895876,-0.0537145608237886,1
669,0.119390059946755,0.039116643096786,-0.00108535986171618,-0.0884659399895346,1
670,0.0313245559542713,0.416274785370529,0.357284417065794,-0.0871995835489371,1
671,-0.0576008284225871,0.0095242252125115,-0.0561743914928599,-0.0902047857870398,1
672,0.387175577300329,0.00506699457582394,0.00959174131980424,-0.0791175627195734,1
673,0.19794720633504,-0.664092349782444,-0.722588081026017,-0.0908740742123172,1
674,0.203391539773967,0.12253686537815,0.111447186179812,-0.0856155804381128,1
675,0.195548156689328,0.0518831835886462,0.0439763820951528,-0.0877813734990658,1
676,-0.523586428972319,0.0374581616455278,-0.0118962855875131,-0.0900468985877187,1
677,0.283093267010751,-2.47553997610908,-2.35039132070023,-0.0819522369935878,1
678,0.110623882537084,-0.236999561347536,-0.305103488021044,-0.0876959685991672,1
679,0.122233562008603,-0.00497176180483011,-0.0353872107087321,-0.089424698088996,1
680,-0.131833098743052,-2.76626494850423,-2.19796899591341,-0.0917697291028593,1
681,0.0399030659978054,-0.157476189090379,-0.227256731387922,-0.0896850516977823,1
682,0.424348272618108,0.176523570568023,0.314524891864574,-0.0823824162065175,1
683,-0.0979912826532297,0.111966245854813,0.0966567916664714,-0.0858181622740788,1
684,-0.0831906968625946,0.22625258293235,0.271917548644233,-0.0884041043599501,1
685,0.481302945942682,-0.179114278725227,-0.248438618548877,-0.089993850604042,1
686,-0.0134477295010687,0.052933045590355,0.119012684920204,-0.0898509062383116,1
687,0.0496739860882824,0.0416222258856676,0.00755316691867057,-0.0881132000384195,1
688,-0.147834551888844,0.00795484579093577,-0.0516455398034395,-0.0880073099503392,1
689,-0.0119160565848472,-0.812532606402368,-0.856285900240966,-0.0900627536514996,1
690,0.499518150246997,2.26787845577346,2.42034115552375,-0.0278379902364578,1
691,-0.0101829360005117,-0.0107709477187442,-0.0834601191615596,-0.0899046746829704,1
692,-0.118113267389721,0.0153178961065007,-0.04715639207228,-0.0887258874134128,1
693,0.505543017487545,-1.93143306022464,-1.92851254257765,-0.00962720778208515,1
694,-0.100968038146598,0.0417229812629658,0.0233780951871399,-0.0886899889861191,1
695,0.190441916752582,0.484776627319945,0.463288427106105,-0.087394611906366,1
696,-0.0911596007437312,0.271258467617171,0.214247571442817,-0.0845881947975604,1
697,-0.0357344609646297,-0.135913419252421,-0.2061485760335,-0.0882203254215887,1
698,-0.488521359477356,0.0508735088504857,0.0699896442315429,-0.0899735163712185,1
699,-0.15808991967145,-0.106418069345955,-0.177275085626775,-0.0907040898863716,1
700,0.092880582409433,-0.287006078199062,-0.337588562863135,-0.0889283863708067,1
701,-0.328426086472278,-0.931601531474451,-0.985060951978959,-0.0912535626194825,1
702,0.0524561518263801,-0.729435171167664,-0.776051893383409,-0.0856262387880798,1
703,-0.702234966845529,-0.515679146642988,-0.576122022739303,-0.0918916425309121,1
704,-0.329981131238389,0.0926521955446604,0.0671225855053292,-0.0884552477450981,1
705,0.211438928611878,0.260294506643021,0.23206138401692,-0.0873632958458394,1
706,-0.13846326036917,0.0270469350464391,-0.0269415594167515,-0.0856694104558471,1
707,0.00505698958876607,-0.136409573218726,-0.173682195762079,-0.0727604584616291,1
708,0.0609639356582392,0.0292658475196405,-0.0272329950145692,-0.0881062755289612,1
709,0.530057395467403,-1.68300454826078,-1.72062190872517,-0.0900164066959717,1
710,0.0780616019395516,-0.158302258942547,-0.228065384956281,-0.0886311405747813,1
711,-0.257831463939397,0.357479103247563,0.29046392645935,-0.0835274075713092,1
712,0.156835351301568,0.00804082820817809,-0.0569333537495632,-0.0893084994751716,1
713,0.184279507095169,0.0133516499579252,-0.0407696873324163,-0.0877392870439305,1
714,0.437556256722221,-0.545168709124571,-0.574208673764203,-0.067200640673266,1
715,-0.0963955783875563,-1.47073503700796,-1.48290085604449,-0.0328017710044292,1
716,0.517911478078852,-0.00615249719297997,-0.0791234432538502,0.0717474301742006,1
717,-0.151177101836098,0.0250046489150459,-0.0414172413875018,-0.0795166271452575,1
718,0.179141274796636,-0.0874851513626993,-0.0592165842434728,-0.0779830261438604,1
719,0.114169053485197,0.774634169289276,1.10567133075407,-0.0885935175474773,1
720,-0.0398172340745431,0.00547523315731797,-0.0661016854335734,-0.0871833512189232,1
721,0.382562649703396,-0.724796652758394,-0.782616203887903,-0.0910096799940472,1
722,0.0643141113497575,0.221517201548905,0.237361672471668,-0.0891073834011034,1
723,-0.134474974001715,-0.313462418966108,-0.364290848266817,-0.0888478595220754,1
724,0.120272518632232,0.699002760370249,1.24689782013609,-0.0880391159656105,1
725,-0.335064472977483,-0.494679695561988,-0.557350873010148,-0.0912744022069038,1
726,-0.154037704050215,0.00893957488041059,-0.0593178601868216,-0.0897978555429918,1
727,0.0901869160888896,-0.120136839950156,-0.190704619186763,-0.0906190094177167,1
728,-0.519551931899172,2.09089236000962,2.75999755390632,-0.0915044553882581,1
729,-0.098098744813926,-0.00129090987278433,-0.0701076760923184,-0.0904252268108872,1
730,-0.0976421150704461,0.00868153724106729,-0.0646021593130687,-0.0904228998065838,1
731,0.0439659794616361,-0.00555413229509671,-0.0785376938664538,-0.0894903548519357,1
732,0.0474229754645137,-0.00273798359312042,-0.0733577218415453,-0.0894607465775564,1
733,-0.669991282588594,-0.00560965685710819,-0.0780450085174652,-0.090416571131512,1
734,0.310400076517169,3.08054740237636,2.97628360745971,0.019448759000962,1
735,0.105341485773304,-4.14599248831165,-4.07248886051138,-0.0853126109032448,1
736,0.00723818157682895,1.19750494324898,1.20995850670496,-0.0885297484877131,1
737,0.166579998243144,-0.000802223716712255,-0.0702312836954138,-0.0846903807024242,1
738,0.215369350182019,0.079974971611836,0.0506181028880134,-0.087548149268301,1
739,-0.0534878078475653,0.109456721888583,0.124293739932416,-0.0879514049341505,1
740,-0.00737011729674206,0.0353355650437782,-0.0162286025031926,-0.0867480603376386,1
741,0.207118408330226,-0.452106823216739,-0.479614778022205,-0.0887211515050226,1
742,0.206865927631096,-3.5342246595417e-05,-0.0571090472224524,-0.0899174609009841,1
743,-0.0620515201881362,0.0406047183062622,-0.0100747837822481,-0.0897056288018227,1
744,0.0621391138872451,0.0743237462800974,0.104672560611216,-0.0893664244048906,1
745,-0.0985389858981917,-0.00334365014698921,-0.0756525233655662,-0.0825651967111972,1
746,-0.0740895502096479,-0.402237237271911,-0.466857407393471,-0.0891585681540895,1
747,-0.275359670088485,-0.0716103526941641,-0.136384309947616,-0.0825164624784689,1
748,0.106875882256279,0.0127368718109505,0.0306941960507794,-0.0900006554224814,1
749,-0.014082608845419,0.0184213882300391,0.0684032573112,-0.0900107691040359,1
750,-0.914846719746658,-2.61312461044951,-2.63113196464492,-0.0916409636680095,1
751,-0.0704454565887728,0.0421574856185633,-0.00412552962351047,-0.0902779222009776,1
752,0.0417324099852131,-0.040759347761557,-0.0923437725377733,-0.0890505864088057,1
753,0.21731725441921,0.174068493319326,0.167200925826404,-0.0900306685587989,1
754,0.504832046892777,0.0162842234746976,-0.0460748261273309,-0.0903700743609813,1
755,0.000895824986490535,-0.00151776432119898,-0.0745864258753323,-0.0890318140780668,1
756,-0.0943305798415107,0.0115047041837748,-0.0543902678771378,-0.0904059222405464,1
757,-0.0380244258829058,0.045223935175053,0.0391411950309772,-0.0900746504722997,1
758,-0.0186596362054105,0.0426755063407687,0.0199579547232653,-0.0895943812424779,1
759,-0.0859698691521652,0.0460101588984827,-0.0280605484239101,-0.0903564483481869,1
760,-0.0991340775370442,-0.00338048749404991,-0.0736266577416004,-0.0904304903990293,1
761,-0.111055837188249,-0.469631739161656,-0.511548504187294,-0.0784646806130211,1
762,-0.166144701330818,-0.126402840303323,-0.19683851153452,-0.090479692416584,1
763,0.281014207890759,1.20888269377549,1.6795354098093,-0.082147873923666,1
764,-0.0957723030721345,-0.00428454031473412,-0.0766545901402465,-0.09041333574507,1
765,0.486250539518309,0.360450364251571,0.522508073076249,-0.0477602142498313,1
766,-0.0881716432889212,0.0504289739853173,0.0150490227909226,-0.0903738629343961,1
767,-0.13981174295158,-0.115504991507158,-0.186170425423732,-0.0892174692844549,1
